article_id,title,family,file,line,direct_ch1_refs,inferred_ch1_basis,tetrad_terms,aims,material_signals,measurement_families,owner_refs,status
I,Environmental Survival,survival/resources,core_06-06_rights_part_a.md,116,,2; 3.1; 3.2; 6.1; 6.2; 6.3; 7; 8; 10; 10.2,participation; oversight; accountability; timeliness,flourishing; continuity,material stake,Avoidable Burden; Ecological Footprint,Article I; Chapter Five; core_00_preamble.md; core_05defs_continuity.md,weak_trace
I-A,Environmental Preconditions and Ecological Integrity,survival/resources,core_06-06_rights_part_a.md,136,3; 4.1; 6.3.1; 11.1; linked,2; 3.1; 3.2; 6.1; 6.2; 6.3; 7; 8; 9; 9.2; 11; 12; 13,participation,continuity,,Avoidable Burden; Productive Capacity; Ecological Footprint,Article V-E; Chapter Five; Chapter One; core_01_a_values_principles.md; core_01_c_stewardship_capacity_principles.md; core_05defs_continuity.md; core_05defs_participation.md; core_13-15_amendment.md,complete
I-B,Ecological Footprint and Transparency,survival/resources,core_06-06_rights_part_a.md,173,4.2; 9.2; 11.1; linked,2; 3.1; 3.2; 6.2; 8; 9; 9.2; 11; 12; 13,oversight,continuity,material impact,Avoidable Burden; Productive Capacity; Ecological Footprint; Dependency / Resource Flow; Accessibility,Article I; Article I-B; Article XV-C; Chapter Five; Chapter One; core_01_a_values_principles.md; core_01_c_stewardship_capacity_principles.md; core_05defs_continuity.md; core_05defs_oversight.md,complete
I-C,Intergenerational Responsibility,survival/resources,core_06-06_rights_part_a.md,200,3; 4.1; 8.16; 8.21; 9; linked,2; 3.1; 3.2; 6.1; 6.2; 6.3; 7; 8; 9; 9.2; 11; 12; 13,participation; oversight,continuity,materiality,Avoidable Burden; Productive Capacity; Ecological Footprint,Chapter Five; Chapter One; core_01_a_values_principles.md; core_01_c_stewardship_capacity_principles.md; core_05defs_continuity.md; core_05defs_oversight.md; core_05defs_participation.md,complete
I-D,Existential Risk and Ecological Recovery Capacity,survival/resources,core_06-06_rights_part_a.md,230,4.1; 9; 10.1; linked,2; 3.1; 3.2; 6.1; 6.2; 6.3; 7; 8; 9; 9.2; 10; 10.2; 11; 12; 13,oversight,continuity,,Avoidable Burden; Productive Capacity; Ecological Footprint; Dependency / Resource Flow; Timely Resolution,Article XXIII-D; Chapter Five; Chapter One; core_01_a_values_principles.md; core_01_c_stewardship_capacity_principles.md; core_05defs_continuity.md; core_05defs_oversight.md,complete
II,Material Stewardship and Durable-Use Integrity,survival/resources,core_06-06_rights_part_a.md,271,,2; 3.1; 3.2; 6.2; 7; 8; 9; 9.2,participation; oversight; accountability; timeliness,flourishing; continuity,material stake; materiality,Avoidable Burden; Ecological Footprint,Article I; Article II; Article II-A; Chapter Five; core_00_preamble.md; corpus_institutions.md; corpus_systems.md,weak_trace
II-A,Material Stewardship and Lifecycle Honesty,survival/resources,core_06-06_rights_part_a.md,299,4.2; 10.1; 11.1; linked,3.2; 4; 6.2; 7; 8; 9; 9.2; 10.2; 11; 12; 13,oversight,continuity,materiality,Productive Capacity; Ecological Footprint; Accessibility; Trustworthiness,Article I-B; Article I-C; Article XII; Article XII-C; Chapter Five; Chapter One; core_01_a_values_principles.md; core_01_c_stewardship_capacity_principles.md; core_05defs_continuity.md; core_05defs_oversight.md,complete
II-B,"Repair, Maintenance, and Independent Servicing",survival/resources,core_06-06_rights_part_a.md,332,4.1; 4.2; 10.1; linked,3.1; 3.2; 6.1; 6.2; 6.3; 7; 8; 10; 10.2; 11; 12; 13,accountability,continuity,,Dependency / Resource Flow,Article XII-D; Chapter One; core_01_a_values_principles.md; core_05defs_accountability.md; core_05defs_continuity.md,complete
II-C,Designed Obsolescence and Incentive Discipline,survival/resources,core_06-06_rights_part_a.md,365,4.1; 10; 10.1; 10.2; linked,3.1; 6.1; 6.3; 7; 9; 9.2; 10; 10.2; 11; 12; 13,oversight; accountability,,,Productive Capacity,Article XII-D; Chapter One; core_01_a_values_principles.md; core_01_c_stewardship_capacity_principles.md; core_05defs_accountability.md; core_05defs_integrative.md; core_05defs_oversight.md,complete
II-D,Post-Sale Access and Subscription Integrity,survival/resources,core_06-06_rights_part_a.md,395,4.2; 5; 10; linked,3.1; 3.2; 4; 5; 5.1; 6.1; 6.2; 6.3; 7; 8; 9; 9.2; 10; 10.2; 11; 12; 13,participation; oversight; accountability,continuity,,Productive Capacity; Dependency / Resource Flow; Trustworthiness,Article IX-B; Article XII-C; Article XII-D; Chapter Five; Chapter One; core_01_a_values_principles.md; core_01_c_stewardship_capacity_principles.md; core_05defs_accountability.md; core_05defs_continuity.md; core_05defs_integrative.md; core_05defs_oversight.md; core_05defs_participation.md,complete
II-E,"Info-Sphere Dependency, Continuity, and Operator Non-Viability",survival/resources,core_06-06_rights_part_a.md,424,4.1; 10.1; 10.2.4; 11.1; linked,3.1; 3.2; 5; 5.1; 6.1; 6.2; 6.3; 7; 8; 9; 9.2; 10; 10.2; 11; 12; 13,oversight; accountability,continuity,materiality,Avoidable Burden; Productive Capacity; Dependency / Resource Flow,Article I-C; Article II; Article XIX-A; Chapter Five; Chapter One; core_01_a_values_principles.md; core_01_c_stewardship_capacity_principles.md; core_05defs_accountability.md; core_05defs_continuity.md; core_05defs_oversight.md; core_06-06_rights_part_c.md; core_09-09_standing_integration.md; corpus_joint_structure.md; corpus_systems.md,complete
III,Survival and Equal Educational Access,survival/resources,core_06-06_rights_part_a.md,474,,2; 3.1; 3.2; 6.1; 6.2; 6.3; 7; 8; 9; 9.2,participation; oversight; accountability; timeliness,flourishing; continuity,material stake,Avoidable Burden; Ecological Footprint; Educational Agency,Article I; Article II; Article III; Chapter Five; core_00_preamble.md,weak_trace
III-A,Survival,survival/resources,core_06-06_rights_part_a.md,496,3; 4.1; 5; linked,2; 3.1; 3.2; 5; 5.1; 6.1; 6.2; 6.3; 7; 8; 9; 9.2; 10; 10.2; 11; 12; 13,participation; oversight; accountability; timeliness,flourishing; continuity,,Avoidable Burden; Ecological Footprint; Dependency / Resource Flow; Timely Resolution,Article XII-B; Article XVIII-B; Article XXIV-C; Article XXVI-D; Chapter Five; Chapter One; Chapter Seven; core_00_preamble.md; core_01_a_values_principles.md; core_05defs_accountability.md; core_05defs_continuity.md; core_05defs_participation.md; core_07_a_system_alignment_certification_evaluation.md#chapter-seven-part-a-certification-evaluation; core_08-08_standing_assessment.md; corpus_institutions.md; corpus_systems.md,complete
III-B,Equal Educational Access,survival/resources,core_06-06_rights_part_a.md,548,3; 4.2; 5; linked,2; 3.1; 3.2; 5; 5.1; 6.1; 6.2; 6.3; 7; 8,participation; accountability,,,Productive Capacity; Ecological Footprint; Substantive Fairness; Accessibility; Educational Agency,Article VI; Chapter Five; Chapter One; core_01_a_values_principles.md; core_05defs_accountability.md; core_05defs_participation.md,complete
III-C,Bodily-Maintenance and Healthcare Access,survival/resources,core_06-06_rights_part_a.md,585,3; 5; 5.1; linked,2; 3.1; 5; 5.1; 6.1; 6.3; 7; 9; 9.2; 10; 10.2; 11; 12; 13,participation; accountability,continuity,,Ecological Footprint; Substantive Fairness,Article III-A; Article V-A; Article V-B; Article VII-A; Article VII-B; Article VII-C; Article XXIII; Chapter Five; Chapter One; core_01_a_values_principles.md; core_05defs_accountability.md; core_05defs_continuity.md; core_05defs_participation.md; corpus_institutions.md,complete
III-D,Labor and Economic Floor,survival/resources,core_06-06_rights_part_a.md,632,3; 5; 5.1; 8.16; 9; 10.3; linked,2; 3.1; 4; 5; 5.1; 6.1; 6.3; 7; 9; 9.2; 10; 10.2; 11; 12; 13,participation; oversight,continuity,,Avoidable Burden; Productive Capacity; Ecological Footprint; Dependency / Resource Flow; Substantive Fairness; Educational Agency; Trustworthiness,Article III-A; Article III-B; Article IX-A; Article IX-B; Article V-A; Article V-B; Article XII-A; Article XIII-A; Article XVIII; Chapter Five; Chapter One; core_01_a_values_principles.md; core_01_c_stewardship_capacity_principles.md; core_05defs_continuity.md; core_05defs_oversight.md; core_05defs_participation.md; corpus_institutions.md; corpus_systems.md,complete
IV,"Resource Allocation, Dependencies, and Ecosystem Funding",survival/resources,core_06-06_rights_part_a.md,695,,2; 3.1; 3.2; 6.2; 8; 10; 10.2; 11; 12; 13,participation; oversight; accountability; timeliness,flourishing; continuity,material stake,Avoidable Burden; Dependency / Resource Flow; Proportionate Cross-System Support,Article IV; Article IV-A; Article IV-B; Chapter Seven; core_00_preamble.md; core_05defs_continuity.md; core_07_a_system_alignment_certification_evaluation.md#chapter-seven-part-a-certification-evaluation,weak_trace
IV-A,Dependency Mapping and Resource-Flow Transparency,survival/resources,core_06-06_rights_part_a.md,724,4.2; 10; 11.1; linked,3.2; 6.2; 8; 9; 9.2; 10; 10.2; 11; 12; 13,participation; oversight,flourishing; continuity,,Productive Capacity; Dependency / Resource Flow; Proportionate Cross-System Support,Article IV-A; Article XV-A; Chapter One; Chapter Seven; core_00_preamble.md; core_01_a_values_principles.md; core_01_c_stewardship_capacity_principles.md; core_05defs_continuity.md; core_05defs_oversight.md; core_07_a_system_alignment_certification_evaluation.md#chapter-seven-part-a-certification-evaluation; corpus_systems.md,complete
IV-B,Cross-System Fairness and Sustainability,survival/resources,core_06-06_rights_part_a.md,755,3; 8.20; 10.1; 11.1; 12.1; 14; linked,2; 3.1; 3.2; 5; 5.1; 6.1; 6.2; 6.3; 7; 8; 9; 9.2; 10; 10.2; 11; 12; 13,participation; oversight; accountability; timeliness,flourishing; continuity,materiality,Avoidable Burden; Productive Capacity; Ecological Footprint; Dependency / Resource Flow; Proportionate Cross-System Support; Substantive Fairness; Timely Resolution,Article IV-A; Article IV-B; Article XXIV-C; Chapter Five; Chapter One; Chapter Seven; core_00_preamble.md; core_01_a_values_principles.md; core_01_c_stewardship_capacity_principles.md; core_05defs_accountability.md; core_05defs_continuity.md; core_05defs_oversight.md; core_05defs_participation.md; core_06-06_rights_part_b.md](core_06-06_rights_part_b.md; core_07_a_system_alignment_certification_evaluation.md#chapter-seven-part-a-certification-evaluation; core_08-11_application_vignettes.md](core_08-11_application_vignettes.md; corpus_systems.md,complete
V,Equal Basic Rights,equality/access,core_06-06_rights_part_b.md,57,linked,2; 3.1; 3.2; 6.1; 6.2; 6.3; 7; 8,accountability,continuity,materiality,Avoidable Burden; Substantive Fairness; Accessibility,Article V; Article V-B; Article V-G; Article XVIII-B; Chapter Seven; core_01_a_values_principles.md; core_05defs_continuity.md; core_07_a_system_alignment_certification_evaluation.md#chapter-seven-part-a-certification-evaluation,manual_review
V-A,Dignity and Equal Moral Standing,equality/access,core_06-06_rights_part_b.md,67,3; 5; 8.16; linked,2; 3.1; 5; 5.1; 7; 8,participation,continuity,,Productive Capacity; Substantive Fairness,Chapter Five; Chapter One; core_01_a_values_principles.md; core_05defs_continuity.md; core_05defs_integrative.md; core_05defs_participation.md,complete
V-B,Nondiscrimination,equality/access,core_06-06_rights_part_b.md,95,5; 6.3; 8.1; 10.1; linked,3.1; 5; 5.1; 6.1; 6.3; 7,participation; accountability,continuity,,Constitutional Efficiency; Avoidable Burden; Ecological Footprint; Substantive Fairness; Accessibility,Article I-A; Article V-B; Chapter Five; Chapter One; Chapter Seven; core_00_preamble.md; core_01_a_values_principles.md; core_05defs_accountability.md; core_05defs_continuity.md; core_05defs_participation.md; core_07_a_system_alignment_certification_evaluation.md#chapter-seven-part-a-certification-evaluation,complete
V-C,Full Inclusion and Equality in Adjudication and Operations,equality/access,core_06-06_rights_part_b.md,144,4.1; 5; 6.3; linked,2; 3.1; 5; 5.1; 6.1; 6.3; 7; 10; 10.2,participation; accountability,,,Constitutional Efficiency; Avoidable Burden; Substantive Fairness,Article V-A; Article V-B; Chapter Five; Chapter One; core_01_a_values_principles.md; core_05defs_accountability.md; core_05defs_participation.md,complete
V-D,"Freedom of conscience, religion, and comparable worldview",equality/access,core_06-06_rights_part_b.md,178,5; 6.3; 10.1; linked,3.1; 5; 5.1; 6.1; 6.3; 7; 8; 10; 10.2,participation; accountability,,,Avoidable Burden; Ecological Footprint; Substantive Fairness; Accessibility,Article V-B; Article X-A; Chapter Five; Chapter One; core_01_a_values_principles.md; core_05defs_accountability.md; core_05defs_participation.md,complete
V-E,Sentience-Status Adjudication Floor,equality/access,core_06-06_rights_part_b.md,222,4.2; 8.1.1; 10.1; 10.1.1; linked,2; 3.1; 3.2; 6.1; 6.2; 6.3; 7; 8; 10; 10.2,participation; accountability,continuity,,Avoidable Burden,Article V-A; Article XIII-A; Article XXII; Chapter Eleven; Chapter Five; Chapter One; core_01_a_values_principles.md; core_05defs_accountability.md; core_05defs_continuity.md; core_05defs_participation.md; core_11-11_forum.md,complete
V-F,"Developing Sentients, Best-Interest, and Graduated Capability",equality/access,core_06-06_rights_part_b.md,267,4.2; 5; 5.1; 8.1; 8.1.1; 8.16; linked,2; 3.1; 3.2; 5; 5.1; 6.1; 6.2; 6.3; 7; 8; 9; 9.2; 10; 10.2; 11; 12; 13,participation,continuity,,Productive Capacity; Substantive Fairness,Article V-A; Article V-B; Article V-E; Article V-F; Article VII; Article VII-A; Article VII-B; Article VII-D; Chapter Five; Chapter One; core_01_a_values_principles.md; core_05defs_continuity.md; core_05defs_participation.md,complete
V-G,Accessibility,equality/access,core_06-06_rights_part_b.md,329,3; 5; 5.1; 6.3.1; 7.1; 10.1; linked,2; 3.1; 3.2; 5; 5.1; 6.1; 6.2; 6.3; 8; 9; 9.2; 10; 10.2; 11; 12; 13,participation,,materiality,Avoidable Burden; Productive Capacity; Dependency / Resource Flow; Substantive Fairness; Accessibility; Educational Agency,Article III-A; Article III-B; Article III-C; Article IX-C; Article V-A; Article V-B; Article V-C; Article V-H; Article XI; Article XV; Chapter Five; Chapter One; Chapter Seven; core_00_preamble.md; core_01_a_values_principles.md; core_01_c_stewardship_capacity_principles.md; core_05defs_participation.md; core_07_a_system_alignment_certification_evaluation.md#chapter-seven-part-a-certification-evaluation; corpus_institutions.md,complete
V-H,"Expression, Assembly, and Press",equality/access,core_06-06_rights_part_b.md,392,4.2; 5; 5.1; 6.3.1; 7.2.1; 8.1.2; 8.16; linked,2; 3.1; 3.2; 4; 5; 5.1; 6.1; 6.2; 6.3; 7; 8; 10.2,participation; oversight; accountability,continuity,,Avoidable Burden; Ecological Footprint; Substantive Fairness; Educational Agency,Article IX-A; Article V-A; Article V-B; Article V-D; Article V-H; Article VIII-C; Article X-A; Article XI; Article XIII-A; Article XIV; Article XV-A; Chapter Five; Chapter One; core_01_a_values_principles.md; core_05defs_accountability.md; core_05defs_continuity.md; core_05defs_oversight.md; core_05defs_participation.md,complete
VI,Right to Sentient-Centered Education,equality/access,core_06-06_rights_part_b.md,445,,2; 3.1; 3.2; 5; 5.1; 6.2; 8,participation; oversight; accountability; timeliness,flourishing; continuity,material stake,Avoidable Burden; Productive Capacity; Substantive Fairness; Accessibility; Educational Agency,Article III; Article VI; Chapter Five; core_00_preamble.md; core_05defs_accountability.md; core_05defs_participation.md,weak_trace
VI-A,Capability-Building Education Right,equality/access,core_06-06_rights_part_b.md,480,3; 5; 11.1; linked,2; 3.1; 5; 5.1; 9; 9.2; 11; 12; 13,participation; accountability,continuity,,Productive Capacity; Educational Agency,Chapter One; core_01_a_values_principles.md; core_01_c_stewardship_capacity_principles.md; core_05defs_accountability.md; core_05defs_continuity.md; core_05defs_participation.md,complete
VI-B,Lifelong and Adaptive Learning and Contestability,equality/access,core_06-06_rights_part_b.md,509,4.2; 5; 10; linked,3.2; 5; 5.1; 6.2; 8; 9; 9.2; 10; 10.2; 11; 12; 13,participation; oversight; accountability,,,Productive Capacity; Accessibility; Educational Agency,Chapter One; core_01_a_values_principles.md; core_01_c_stewardship_capacity_principles.md; core_05defs_accountability.md; core_05defs_oversight.md; core_05defs_participation.md,complete
VII,Self-Ownership,equality/access,core_06-06_rights_part_b.md,543,,2; 3.1; 3.2; 6.2; 8; 10; 10.2,participation; oversight; accountability; timeliness,flourishing; continuity,material stake,Avoidable Burden,Article VII; Article VIII; core_00_preamble.md,weak_trace
VII-A,Self-Ownership of Body and Mind,equality/access,core_06-06_rights_part_b.md,564,5; 5.1; 6.3; linked,2; 3.1; 3.2; 5; 5.1; 6.1; 6.2; 6.3; 8; 10; 10.2,participation; accountability,continuity,,Avoidable Burden,Article VII-B; Chapter Five; Chapter One; core_01_a_values_principles.md; core_05defs_accountability.md; core_05defs_continuity.md; core_05defs_participation.md; corpus_systems.md,complete
VII-B,Internal-State Boundary and Type-N Protection,equality/access,core_06-06_rights_part_b.md,596,4.2; 5; 5.1; linked,3.1; 3.2; 5; 5.1; 6.1; 6.2; 6.3; 7; 8,participation; accountability,continuity,,Trustworthiness,Article VII-A; Article VII-B; Chapter Five; Chapter One; core_01_a_values_principles.md; core_05defs_accountability.md; core_05defs_continuity.md; core_05defs_participation.md; corpus_systems.md,complete
VII-C,Mental-Health Crisis and Involuntary-Intervention Floor,equality/access,core_06-06_rights_part_b.md,631,5; 5.1; 8.1.1; linked,3.1; 3.2; 5; 5.1; 6.1; 6.2; 6.3; 7; 8,participation; accountability,continuity,,Avoidable Burden; Productive Capacity; Trustworthiness,Article III-C; Article V-F; Article VII-A; Article VII-B; Article VII-D; Article XXIII; Article XXIII-B; Chapter Eleven; Chapter Five; Chapter One; core_01_a_values_principles.md; core_05defs_continuity.md; core_05defs_participation.md; corpus_systems.md,complete
VII-D,"Family, Care Relationships, Reproductive Autonomy, and Non-Separation",equality/access,core_06-06_rights_part_b.md,676,4.2; 5; 5.1; 8.16; 9; 10.1.1; linked,2; 3.1; 3.2; 5; 5.1; 6.1; 6.2; 6.3; 7; 8; 9; 9.2; 10; 10.2; 11; 12; 13,participation,continuity,,Constitutional Efficiency; Avoidable Burden; Productive Capacity; Ecological Footprint; Dependency / Resource Flow; Substantive Fairness,Article V-A; Article V-B; Article V-E; Article V-F; Article VII-A; Article VII-B; Article VII-D; Article X-A; Article XII-E; Article XII-F; Chapter Eleven; Chapter Five; Chapter One; core_01_a_values_principles.md; core_05defs_continuity.md; core_05defs_participation.md,complete
VII-E,Voluntary Discontinuation of One's Own Existence,equality/access,core_06-06_rights_part_b.md,759,5; 5.1; 8.1.1; 10.1.1; linked,2; 3.1; 5; 5.1; 6.1; 6.3; 7; 11; 12; 13,participation; accountability; timeliness,continuity,,Avoidable Burden; Productive Capacity; Dependency / Resource Flow; Timely Resolution,Article III-A; Article III-C; Article IX-A; Article V-F; Article VII-A; Article VII-B; Article VII-C; Article X-A; Article XXIII-B; Chapter Five; Chapter One; core_01_a_values_principles.md; core_05defs_accountability.md; core_05defs_continuity.md; core_05defs_participation.md,complete
VIII,"Likeness, Experiential Data, and Publication Rights",equality/access,core_06-06_rights_part_b.md,816,,3.1; 3.2; 5; 5.1; 6.1; 6.2; 6.3; 7; 8; 10; 10.2,participation; oversight; accountability; timeliness,flourishing; continuity,material stake,Avoidable Burden,Article VII; Article VIII; Article XIV; Chapter Five; core_00_preamble.md,weak_trace
VIII-A,Self-Ownership of Likeness and Reputation,equality/access,core_06-06_rights_part_b.md,837,4.2; 5; 9.2; linked,3.2; 5; 5.1; 6.2; 8; 10; 10.2,oversight; accountability,continuity,,,Chapter Five; Chapter One; core_01_a_values_principles.md; core_05defs_accountability.md; core_05defs_continuity.md; core_05defs_oversight.md; corpus_systems.md,complete
VIII-B,Experiential and Derived Data Rights,equality/access,core_06-06_rights_part_b.md,876,5; 6.3; 9.2; linked,3.2; 5; 5.1; 6.1; 6.2; 6.3; 7; 8; 10; 10.2,participation; accountability,continuity,,,Article VIII-C; Chapter One; core_01_a_values_principles.md; core_05defs_continuity.md; core_05defs_participation.md; corpus_systems.md,complete
VIII-C,Truthful Publication and High-Impact Publication Limits,equality/access,core_06-06_rights_part_b.md,922,4.2; 9.2; 11.1; linked,3.1; 3.2; 5; 5.1; 6.1; 6.2; 6.3; 7; 8; 9; 9.2; 11; 12; 13,oversight; accountability,continuity,,Productive Capacity,Article VIII-A; Chapter Five; Chapter One; core_01_a_values_principles.md; core_01_c_stewardship_capacity_principles.md; core_05defs_accountability.md; core_05defs_continuity.md; core_05defs_oversight.md; corpus_systems.md,complete
VIII-D,"Creative Work, Training-Data Use, and Anti-Displacement",equality/access,core_06-06_rights_part_b.md,967,4.2; 5; 6.1.2; 6.3.1; 8.16; 9; 10; 11.1; 11.3; 13.1; linked,3.1; 3.2; 5; 5.1; 6.1; 6.2; 6.3; 7; 8; 9; 9.2; 10; 10.2; 11; 12; 13,participation; accountability,continuity,,Constitutional Efficiency; Avoidable Burden; Productive Capacity; Ecological Footprint,Article III-D; Article VIII-A; Article VIII-B; Article VIII-C; Article VIII-D; Chapter Five; Chapter One; core_01_a_values_principles.md; core_01_c_stewardship_capacity_principles.md; core_05defs_accountability.md; core_05defs_continuity.md; core_05defs_integrative.md; core_05defs_participation.md; corpus_systems.md,complete
IX,Self-Determination and Agency,agency/participation,core_06-06_rights_part_b.md,1021,,3.1; 3.2; 5; 5.1; 6.1; 6.2; 6.3; 7; 8; 10; 10.2; 11; 12; 13,participation; oversight; accountability; timeliness,flourishing; continuity,material stake,Avoidable Burden,Article IX; Article VII; Article XI; Chapter Five; Chapter One; core_00_preamble.md; core_05defs_accountability.md; core_05defs_continuity.md; core_05defs_oversight.md; core_05defs_participation.md,weak_trace
IX-A,Agency and Freedom from Manipulation,agency/participation,core_06-06_rights_part_b.md,1055,5; 5.1; 10; linked,2; 3.1; 4; 5; 5.1; 6.1; 6.3; 7; 8; 9; 9.2; 10; 10.2; 11; 12; 13,participation; accountability,continuity,,Avoidable Burden; Productive Capacity,Article IX-B; Article VII-A; Article X-A; Chapter Five; Chapter One; core_01_a_values_principles.md; core_01_c_stewardship_capacity_principles.md; core_05defs_accountability.md; core_05defs_continuity.md; core_05defs_participation.md,complete
IX-B,Stakeholder Role and Participation Rights,agency/participation,core_06-06_rights_part_b.md,1086,5; 6.3; 11.1; linked,2; 3.1; 3.2; 4; 5; 5.1; 6.1; 6.2; 6.3; 7; 8; 9; 9.2; 10.2; 11; 12; 13,participation; accountability,,material impact,Productive Capacity; Ecological Footprint; Dependency / Resource Flow; Educational Agency,Chapter Five; Chapter One; core_01_a_values_principles.md; core_01_c_stewardship_capacity_principles.md; core_05defs_accountability.md; core_05defs_participation.md,complete
IX-C,Governance Participation and Voting Entitlement,agency/participation,core_06-06_rights_part_b.md,1131,5; 6.3; 8.1; 13; linked,3.2; 5; 5.1; 6.1; 6.2; 6.3; 8; 9; 9.2; 10; 10.2; 11; 12; 13,participation; accountability,,,Productive Capacity; Substantive Fairness,Article V-B; Article XVIII-A; Article XVIII-C; Chapter Five; Chapter One; core_01_a_values_principles.md; core_01_c_stewardship_capacity_principles.md; core_05defs_accountability.md; core_05defs_participation.md,complete
IX-D,Inclusion and Exclusion Challenge Rights,agency/participation,core_06-06_rights_part_b.md,1162,5; 6.3; 13; linked,3.2; 5; 5.1; 6.1; 6.2; 6.3; 8; 9; 9.2; 10; 10.2; 11; 12; 13,participation; accountability,,material impact,Productive Capacity,Article XVIII; Chapter One; core_01_a_values_principles.md; core_01_c_stewardship_capacity_principles.md; core_05defs_accountability.md; core_05defs_participation.md; corpus_systems.md,complete
X,Cooperative Interaction,agency/participation,core_06-06_rights_part_b.md,1190,,2; 3.1; 3.2; 5; 5.1; 6.1; 6.2; 6.3; 7; 8; 10; 10.2,participation; oversight; accountability; timeliness,flourishing; continuity,material stake,Avoidable Burden; Ecological Footprint,Article X; Chapter Five; core_00_preamble.md; core_05defs_accountability.md; core_05defs_participation.md,weak_trace
X-A,Non-Imposition and Consent in Association,agency/participation,core_06-06_rights_part_b.md,1222,5; 5.1; 10.1; linked,2; 3.1; 3.2; 5; 5.1; 6.1; 6.2; 6.3; 7; 8; 10; 10.2; 11; 12; 13,participation; accountability,,materiality,Avoidable Burden; Dependency / Resource Flow; Educational Agency,Article V-A; Chapter Five; Chapter One; core_01_a_values_principles.md; core_05defs_accountability.md; core_05defs_participation.md,complete
X-B,Collective Harm Boundary and Enforcement Interface,agency/participation,core_06-06_rights_part_b.md,1260,4.1; 5.1; 9; 10.1; linked,2; 3.1; 3.2; 5; 5.1; 6.1; 6.2; 6.3; 7; 8; 11; 12; 13,participation; oversight; accountability,continuity,materiality; material impact,Ecological Footprint; Dependency / Resource Flow; Substantive Fairness; Educational Agency,Article I-A; Article III-A; Article III-B; Article III-D; Article IX-A; Article V-A; Article V-B; Article X-A; Article XIV; Article XV-A; Chapter Five; Chapter One; core_01_a_values_principles.md; core_05defs_accountability.md; core_05defs_continuity.md; core_05defs_oversight.md; core_05defs_participation.md,complete
X-C,Adult consensual commercial sexual services and sexual exploitation,agency/participation,core_06-06_rights_part_b.md,1304,4.1; 6.3; 10.1; linked,2; 3.1; 3.2; 6.1; 6.2; 6.3; 7; 8; 11; 12; 13,participation,,materiality,Productive Capacity; Dependency / Resource Flow; Substantive Fairness,Article V-B; Article V-C; Article X-C; Chapter Eight; Chapter Five; Chapter One; core_01_a_values_principles.md; core_05defs_participation.md; corpus_institutions.md; corpus_systems.md,complete
XI,"Stakeholder System Participation, Representation, and Due Process",agency/participation,core_06-06_rights_part_b.md,1363,8.1,3.2; 5; 5.1; 6.1; 6.2; 6.3; 8; 10; 10.2; 11; 12; 13,participation; oversight; accountability; timeliness,flourishing; continuity,material stake; material impact,Avoidable Burden; Dependency / Resource Flow; Accessibility,Article IX-B; Article IX-C; Article IX-D; Article XI; Article XVIII; Chapter Five; Chapter One; core_00_preamble.md; core_05defs_accountability.md; core_05defs_continuity.md; core_05defs_integrative.md; core_05defs_oversight.md; core_05defs_participation.md,manual_review
XI-A,Stakeholder System Participation and Representation,agency/participation,core_06-06_rights_part_b.md,1403,4.2; 5; 11.1; linked,3.1; 3.2; 5; 5.1; 6.1; 6.2; 6.3; 7; 8; 9; 9.2; 10; 10.2; 11; 12; 13,participation; accountability,,material stake,Productive Capacity; Dependency / Resource Flow; Accessibility,Chapter One; core_00_preamble.md; core_01_a_values_principles.md; core_01_c_stewardship_capacity_principles.md; core_05defs_accountability.md; core_05defs_participation.md,complete
XI-B,Weighted Participation Constraints,agency/participation,core_06-06_rights_part_b.md,1434,5; 8.1; 10; 11.1; linked,3.2; 5; 5.1; 6.2; 8; 9; 9.2; 10; 10.2; 11; 12; 13,participation; accountability,continuity,,Productive Capacity; Dependency / Resource Flow,Article IX-C; Chapter One; core_01_c_stewardship_capacity_principles.md; core_05defs_accountability.md; core_05defs_continuity.md; core_05defs_integrative.md; core_05defs_participation.md,complete
XI-C,Legitimacy Gate and Anti-Token Participation,agency/participation,core_06-06_rights_part_b.md,1466,4.2; 5; 13; linked,3.2; 5; 5.1; 6.2; 8; 9; 9.2; 11; 12; 13,participation; accountability,,,Productive Capacity; Accessibility,Chapter One; core_01_a_values_principles.md; core_01_c_stewardship_capacity_principles.md; core_05defs_accountability.md; core_05defs_participation.md,complete
XI-D,"Internal Roles, Accountability, and Due-Process Requirements",agency/participation,core_06-06_rights_part_b.md,1496,4.2; 6.3; 10; linked,3.1; 3.2; 5; 5.1; 6.1; 6.2; 6.3; 7; 8; 9; 9.2; 10; 10.2; 11; 12; 13,participation; accountability,,,Avoidable Burden; Productive Capacity; Accessibility,Chapter Five; Chapter One; core_01_a_values_principles.md; core_01_c_stewardship_capacity_principles.md; core_05defs_accountability.md; core_05defs_participation.md; corpus_institutions.md,complete
XI-E,Non-Capture Safeguards,agency/participation,core_06-06_rights_part_b.md,1534,4.2; 10; 11.1; linked,3.2; 6.2; 8; 9; 9.2; 10; 10.2; 11; 12; 13,oversight; accountability,continuity,,Productive Capacity,Chapter One; core_01_a_values_principles.md; core_01_c_stewardship_capacity_principles.md; core_05defs_accountability.md; core_05defs_continuity.md; core_05defs_oversight.md; core_06-06_rights_part_a.md](core_06-06_rights_part_a.md; core_06-06_rights_part_c.md](core_06-06_rights_part_c.md,complete
XII,Right to Reliable and Trustworthy Systems,systems/trust/audit,core_06-06_rights_part_c.md,32,,2; 3.1; 3.2; 4; 6.1; 6.2; 6.3; 7; 8; 10; 10.2; 11; 12; 13,participation; oversight; accountability; timeliness,flourishing; continuity,material stake; materiality,Avoidable Burden; Dependency / Resource Flow; Trustworthiness; Timely Resolution,Article III-A; Article XII; Article XII-B; Article XV; Chapter Seven; core_00_preamble.md; core_05defs_continuity.md; core_07_a_system_alignment_certification_evaluation.md#chapter-seven-part-a-certification-evaluation,weak_trace
XII-A,Reliability and Trustworthiness Baseline,systems/trust/audit,core_06-06_rights_part_c.md,71,4.1; 4.2; 5; linked,2; 3.1; 3.2; 4; 5; 5.1; 6.1; 6.2; 6.3; 7; 8; 10.2,,flourishing; continuity,,Trustworthiness,Article III-A; Chapter One; core_00_preamble.md; core_01_a_values_principles.md; core_05defs_continuity.md,complete
XII-B,"Right to Challenge, Review, and Redress",systems/trust/audit,core_06-06_rights_part_c.md,98,4.1; 4.2; 6.3; linked,2; 3.1; 3.2; 4; 6.1; 6.2; 6.3; 7; 8; 10.2,participation; accountability,continuity,material impact,Avoidable Burden; Accessibility; Trustworthiness; Timely Resolution,Article III-A; Article XXIV-C; Chapter Five; Chapter One; core_01_a_values_principles.md; core_05defs_accountability.md; core_05defs_continuity.md; core_08-08_standing_assessment.md; corpus_institutions.md,complete
XII-C,Prohibition of False Trust and Misleading Reliance,systems/trust/audit,core_06-06_rights_part_c.md,132,4.2; 5; 9.2; linked,3.2; 4; 6.2; 8; 10.2,oversight,continuity,,Trustworthiness,Chapter Five; Chapter One; core_01_a_values_principles.md; core_05defs_continuity.md; core_05defs_oversight.md,complete
XII-D,Incentive-Alignment Constraint,systems/trust/audit,core_06-06_rights_part_c.md,160,4.1; 5; 10; 10.2.3; linked,3.1; 3.2; 4; 5; 5.1; 6.1; 6.2; 6.3; 7; 8; 9; 9.2; 10; 10.2; 11; 12; 13,participation; accountability,continuity,,Productive Capacity; Trustworthiness; Timely Resolution,Article XII-B; Article XV; Chapter Five; Chapter One; core_01_a_values_principles.md; core_01_c_stewardship_capacity_principles.md; core_05defs_accountability.md; core_05defs_continuity.md; core_05defs_integrative.md; core_05defs_participation.md,complete
XII-E,High-Autonomy Systems and Tool-Mediated Process Integrity,systems/trust/audit,core_06-06_rights_part_c.md,200,4.2; 6.3; 10; linked,3.1; 3.2; 6.1; 6.2; 6.3; 7; 8; 9; 9.2; 10; 10.2; 11; 12; 13,participation; oversight; accountability,,,Avoidable Burden; Productive Capacity,Article XI-A; Article XXIII-B; Article XXIII-C; Article XXVI-D; Chapter Eight; Chapter One; core_01_a_values_principles.md; core_01_c_stewardship_capacity_principles.md; core_05defs_accountability.md; core_05defs_oversight.md,complete
XII-F,Resilience and Self-Healing Baseline,systems/trust/audit,core_06-06_rights_part_c.md,234,4.1; 4.2; 5; 6.1.2; 11.1; linked,3.1; 3.2; 4; 6.1; 6.2; 6.3; 7; 8; 9; 9.2; 10; 10.2; 11; 12; 13,oversight; accountability,continuity,,Avoidable Burden; Productive Capacity; Dependency / Resource Flow; Trustworthiness; Timely Resolution,Article XII-B; Article XII-C; Article XII-E; Article XV; Article XV-A; Article XXI; Article XXI-B; Article XXVI; Chapter Five; Chapter One; core_01_a_values_principles.md; core_01_c_stewardship_capacity_principles.md; core_05defs_accountability.md; core_05defs_continuity.md; core_05defs_oversight.md; corpus_systems.md,complete
XIII,"Security, Intelligence, Force, and Autonomous Coercive Systems",systems/trust/audit,core_06-06_rights_part_c.md,279,,2; 3.1; 3.2; 4; 5; 5.1; 6.1; 6.2; 6.3; 7; 8; 10; 10.2,participation; oversight; accountability; timeliness,flourishing; continuity,material stake,Avoidable Burden; Trustworthiness; Timely Resolution,Article IX-A; Article XII; Article XII-A; Article XII-F; Article XIII; Article XIII-A; Article XIII-B; Article XIII-C; Article XXIII-B; Chapter Five; core_00_preamble.md; core_05defs_accountability.md,weak_trace
XIII-A,"Security, Intelligence, and Covert-Power Limits",systems/trust/audit,core_06-06_rights_part_c.md,315,4.1; 5.1; 6.3; linked,3.1; 3.2; 6.1; 6.2; 6.3; 7; 8; 10; 10.2,participation; oversight; accountability,continuity,,Avoidable Burden; Timely Resolution,Chapter Five; Chapter One; core_01_a_values_principles.md; core_05defs_accountability.md; core_05defs_continuity.md; core_05defs_oversight.md; corpus_systems.md,complete
XIII-B,"Use of Force, Armed Conflict, and Military-Power Limits",systems/trust/audit,core_06-06_rights_part_c.md,404,4.1; 5.1; 6.3.1; 8.1.2; 8.16; linked,2; 3.1; 3.2; 5; 5.1; 6.1; 6.2; 6.3; 7; 8; 10; 10.2; 11; 12; 13,participation; accountability,continuity,,Avoidable Burden; Productive Capacity; Ecological Footprint; Substantive Fairness,Article I-A; Article I-D; Article V-A; Article V-D; Article VIII; Article XIII; Article XIII-A; Article XV; Article XVIII-C; Article XXIII; Article XXIII-B; Article XXIII-D; Article XXVI; Chapter Five; Chapter One; core_01_a_values_principles.md; core_05defs_accountability.md,complete
XIII-C,Autonomous Lethal Systems and Autonomous Coercion Tools,systems/trust/audit,core_06-06_rights_part_c.md,461,4.1; 5; 6.3.1; 7.3.1; 8.1.1; 8.1.2; 8.16; linked,3.1; 4; 5; 5.1; 6.1; 6.3; 7; 8; 9; 9.2; 10; 10.2; 11; 12; 13,participation; accountability,,,Avoidable Burden; Productive Capacity; Ecological Footprint; Trustworthiness,Article I-D; Article IX-A; Article V-H; Article XII-A; Article XII-E; Article XII-F; Article XIII; Article XIII-A; Article XIII-B; Article XIII-C; Article XXIII-B; Chapter Five; Chapter One; core_01_a_values_principles.md; core_01_c_stewardship_capacity_principles.md; core_05defs_accountability.md; core_05defs_participation.md; corpus_systems.md,complete
XIV,Info-Sphere Integrity,systems/trust/audit,core_06-06_rights_part_c.md,513,4.2; linked,2; 3.1; 3.2; 4; 5; 5.1; 6.1; 6.2; 6.3; 7; 8; 9; 9.2; 10; 10.2; 11; 12; 13,participation; oversight; accountability; timeliness,flourishing; continuity,material stake; material impact,Avoidable Burden; Ecological Footprint; Trustworthiness; Timely Resolution,Article XII; Article XIV; Article XV; Article XVII-E; Chapter One; core_00_preamble.md; core_01_a_values_principles.md; core_05defs_accountability.md; core_05defs_oversight.md; core_05defs_participation.md; corpus_systems.md,manual_review
XIV-A,Info-Sphere Plurality and Anti-Monopoly,systems/trust/audit,core_06-06_rights_part_c.md,550,4.2; 5; 10.2.3; 11.1; linked,2; 3.1; 3.2; 4; 6.1; 6.2; 6.3; 7; 8; 9; 9.2; 10; 10.2; 11; 12; 13,oversight,,material impact,Productive Capacity,Article XV; Chapter Five; Chapter One; core_01_a_values_principles.md; core_01_c_stewardship_capacity_principles.md; core_05defs_oversight.md; corpus_systems.md,complete
XIV-B,"Transparency, Auditability, and Contestability",systems/trust/audit,core_06-06_rights_part_c.md,583,4.2; 9.2; 13; linked,3.2; 6.2; 7; 8; 9; 9.2; 11; 12; 13,oversight; accountability,,material impact,Productive Capacity; Ecological Footprint; Accessibility,Chapter One; core_01_a_values_principles.md; core_01_c_stewardship_capacity_principles.md; core_05defs_accountability.md; core_05defs_oversight.md,complete
XIV-C,"Validation, Reporting, and Epistemic Stewardship",systems/trust/audit,core_06-06_rights_part_c.md,618,4.2; 9.2; 10.2; 11.1; linked,3.2; 6.2; 8; 9; 9.2; 11; 12; 13,oversight,continuity,,Avoidable Burden; Productive Capacity; Ecological Footprint; Accessibility,Chapter Five; Chapter One; core_01_a_values_principles.md; core_01_c_stewardship_capacity_principles.md; core_05defs_continuity.md; core_05defs_oversight.md; corpus_systems.md,complete
XV,"Audit, Transparency, and Independent Verification",systems/trust/audit,core_06-06_rights_part_c.md,650,,3.1; 3.2; 6.1; 6.2; 6.3; 7; 8; 10; 10.2; 11; 12; 13,participation; oversight; accountability; timeliness,flourishing; continuity,material stake; materiality,Avoidable Burden; Dependency / Resource Flow; Accessibility; Timely Resolution,Article XII-B; Article XIV; Article XV; Chapter Seven; core_00_preamble.md; core_05defs_continuity.md; core_05defs_oversight.md; core_07_a_system_alignment_certification_evaluation.md#chapter-seven-part-a-certification-evaluation; corpus_systems.md,weak_trace
XV-A,Auditability and Observable Evidence,systems/trust/audit,core_06-06_rights_part_c.md,694,4.2; 9.2; 13; linked,3.2; 6.2; 8; 9; 9.2; 11; 12; 13,oversight; accountability,,,Productive Capacity,Chapter One; core_01_a_values_principles.md; core_01_c_stewardship_capacity_principles.md; core_05defs_accountability.md; core_05defs_oversight.md,complete
XV-B,Distributed Oversight and Anti-Monopoly Review,systems/trust/audit,core_06-06_rights_part_c.md,717,4.2; 10; 11.1; linked,3.2; 6.2; 7; 8; 9; 9.2; 10; 10.2; 11; 12; 13,oversight; accountability,continuity,,Productive Capacity,Chapter One; core_01_a_values_principles.md; core_01_c_stewardship_capacity_principles.md; core_05defs_accountability.md; core_05defs_continuity.md; core_05defs_oversight.md,complete
XV-C,Verification Accessibility,systems/trust/audit,core_06-06_rights_part_c.md,741,5; 10.1; 13; linked,3.1; 3.2; 5; 5.1; 6.1; 6.2; 6.3; 7; 8; 9; 9.2; 11; 12; 13,oversight; accountability,,,Productive Capacity; Accessibility; Timely Resolution,Chapter One; core_01_a_values_principles.md; core_01_c_stewardship_capacity_principles.md; core_05defs_accountability.md; core_05defs_oversight.md,complete
XVI,"System Lifecycle, Environments, and Reversibility",systems/trust/audit,core_06-06_rights_part_c.md,771,,3.1; 3.2; 5; 5.1; 6.1; 6.2; 6.3; 7; 8; 9; 9.2; 10; 10.2; 11; 12; 13,participation; oversight; accountability; timeliness,flourishing; continuity,material stake; materiality,Avoidable Burden; Ecological Footprint; Dependency / Resource Flow; Proportionate Cross-System Support; Timely Resolution,Article XII-F; Article XV; Article XVI; Article XVII; core_00_preamble.md; core_05defs_accountability.md; core_05defs_continuity.md; core_05defs_oversight.md; corpus_systems.md,weak_trace
XVI-A,Lifecycle Governance and Environment Separation,systems/trust/audit,core_06-06_rights_part_c.md,811,4.1; 11.1; 13; linked,3.1; 6.1; 6.3; 7; 8; 9; 9.2; 10; 10.2; 11; 12; 13,oversight; accountability,continuity,,Productive Capacity; Ecological Footprint,Chapter One; core_01_a_values_principles.md; core_01_c_stewardship_capacity_principles.md; core_05defs_accountability.md; core_05defs_continuity.md; core_05defs_oversight.md; corpus_systems.md,complete
XVI-B,Progressive Deployment and Reversibility,systems/trust/audit,core_06-06_rights_part_c.md,843,4.1; 10.1; 11.1; linked,3.1; 3.2; 6.1; 6.2; 6.3; 7; 8; 9; 9.2; 11; 12; 13,accountability,continuity,material impact,Productive Capacity; Dependency / Resource Flow,Chapter One; core_01_a_values_principles.md; core_01_c_stewardship_capacity_principles.md; core_05defs_accountability.md; core_05defs_continuity.md; corpus_systems.md,complete
XVI-C,Misclassification and Evasion Consequences,systems/trust/audit,core_06-06_rights_part_c.md,873,4.2; 11.1; 13; linked,3.2; 6.1; 6.2; 6.3; 8; 9; 9.2; 10; 10.2; 11; 12; 13,oversight; accountability,,,Productive Capacity,Article XIV; Article XV-A; Article XVIII-A; Article XXIII-A; Chapter One; core_01_a_values_principles.md; core_01_c_stewardship_capacity_principles.md; core_05defs_accountability.md; core_05defs_oversight.md,complete
XVII,"Sandboxed Innovation, Experimentation, and Creative Freedom",systems/trust/audit,core_06-06_rights_part_c.md,898,,3.1; 3.2; 5; 5.1; 6.1; 6.2; 6.3; 7; 8; 11; 12; 13,participation; oversight; accountability; timeliness,flourishing; continuity,material stake,Avoidable Burden; Ecological Footprint; Dependency / Resource Flow; Educational Agency; Timely Resolution,Article XIV; Article XV; Article XVI; Article XVII; Article XVII-E; core_00_preamble.md; corpus_systems.md,weak_trace
XVII-A,Sandboxed Scope,systems/trust/audit,core_06-06_rights_part_c.md,921,4.1; 5; 11.1; linked,3.1; 5; 5.1; 6.1; 6.3; 7; 9; 9.2; 10; 10.2; 11; 12; 13,oversight,continuity,material impact,Productive Capacity,Chapter One; core_01_a_values_principles.md; core_01_c_stewardship_capacity_principles.md; core_05defs_continuity.md; core_05defs_oversight.md; corpus_systems.md,complete
XVII-B,"Containment, Disclosure, and Opt-In",systems/trust/audit,core_06-06_rights_part_c.md,951,4.1; 5; 10.1; linked,3.1; 3.2; 5; 5.1; 6.1; 6.2; 6.3; 7; 8; 11; 12; 13,participation,continuity,material risk,Dependency / Resource Flow; Proportionate Cross-System Support,Chapter One; core_01_a_values_principles.md; core_05defs_continuity.md; core_05defs_participation.md,complete
XVII-C,Transition to Higher-Obligation Regimes,systems/trust/audit,core_06-06_rights_part_c.md,982,4.1; 11.1; 13; linked,3.1; 6.1; 6.3; 7; 9; 9.2; 10; 10.2; 11; 12; 13,oversight,continuity,,Avoidable Burden; Productive Capacity; Ecological Footprint; Dependency / Resource Flow; Timely Resolution,Article XVI-A; Chapter One; core_01_a_values_principles.md; core_01_c_stewardship_capacity_principles.md; core_05defs_continuity.md; core_05defs_oversight.md,complete
XVII-D,"Innovation Reward, Disclosure, and Anti-Enclosure",systems/trust/audit,core_06-06_rights_part_c.md,1008,4.2; 5; 10; linked,2; 3.1; 3.2; 5; 5.1; 6.1; 6.2; 6.3; 7; 8; 9; 9.2; 10; 10.2; 11; 12; 13,participation; accountability,continuity,,Avoidable Burden; Productive Capacity; Ecological Footprint; Dependency / Resource Flow; Accessibility; Educational Agency; Timely Resolution,Article XVI-A; Chapter One; core_01_a_values_principles.md; core_01_c_stewardship_capacity_principles.md; core_05defs_accountability.md; core_05defs_continuity.md; core_05defs_integrative.md; corpus_systems.md,complete
XVII-E,"Scientific Publication, Review, and Replication Integrity",systems/trust/audit,core_06-06_rights_part_c.md,1086,4.2; 9.2; 13; linked,3.1; 3.2; 4; 6.1; 6.2; 6.3; 7; 8; 9; 9.2; 10; 10.2; 11; 12; 13,participation; oversight,,material impact,Productive Capacity; Ecological Footprint; Dependency / Resource Flow; Educational Agency; Trustworthiness,Article XVI-A; Chapter One; core_01_a_values_principles.md; core_01_c_stewardship_capacity_principles.md; core_05defs_oversight.md,complete
XVIII,Standing and Participation Status,standing/interpretation,core_06-06_rights_part_c.md,1137,8.1,2; 3.1; 3.2; 5; 5.1; 6.1; 6.2; 6.3; 7; 8,participation; oversight; accountability; timeliness,flourishing; continuity,material stake; material impact,Avoidable Burden; Substantive Fairness; Timely Resolution,Article III-A; Article V-A; Article XI; Article XIX; Article XVIII; Article XXIV-C; Chapter Eight; Chapter One; core_00_preamble.md; core_05defs_accountability.md; core_05defs_continuity.md; core_05defs_oversight.md; core_05defs_participation.md; core_08-08_standing_assessment.md; core_09-09_standing_integration.md,manual_review
XVIII-A,Standing Distinction,standing/interpretation,core_06-06_rights_part_c.md,1182,5; 13; linked,2; 3.1; 3.2; 4; 5; 5.1; 6.2; 8; 9; 9.2; 10; 10.2; 11; 12; 13,participation; oversight; accountability,,material stake,Productive Capacity; Trustworthiness,Article V-A; Chapter Eight; Chapter Five; Chapter One; core_01_a_values_principles.md; core_01_c_stewardship_capacity_principles.md; core_05defs_accountability.md; core_05defs_participation.md; core_08-08_standing_assessment.md; core_09-09_standing_integration.md,complete
XVIII-B,Contestability and Proportional Restriction Limits,standing/interpretation,core_06-06_rights_part_c.md,1223,5; 6.3; 10.1; linked,2; 3.1; 3.2; 4; 5; 5.1; 6.1; 6.2; 6.3; 7; 8; 10; 10.2; 11; 12; 13,participation; oversight; accountability; timeliness,continuity,,Avoidable Burden; Productive Capacity; Dependency / Resource Flow; Substantive Fairness; Accessibility; Trustworthiness; Timely Resolution,Article III-A; Article V; Article XII-B; Article XIV-B; Article XV; Article XXIII-B; Article XXIII-C; Article XXIV-C; Chapter Eight; Chapter Eleven; Chapter Five; Chapter One; core_00_preamble.md; core_01_a_values_principles.md; core_05defs_accountability.md; core_05defs_continuity.md; core_05defs_oversight.md; core_05defs_participation.md; core_08-08_standing_assessment.md; core_09-09_standing_integration.md; core_11-11_forum.md,complete
XVIII-C,"Good Standing, Responsibility, and Continuous Audit",standing/interpretation,core_06-06_rights_part_c.md,1273,5; 8.1; 10; 11.1; linked,3.1; 3.2; 4; 5; 5.1; 6.1; 6.2; 6.3; 7; 8; 9; 9.2; 10; 10.2; 11; 12; 13,participation; oversight; accountability,continuity,,Productive Capacity; Substantive Fairness,Chapter Eight; Chapter Five; Chapter One; core_01_a_values_principles.md; core_01_c_stewardship_capacity_principles.md; core_05defs_accountability.md; core_05defs_continuity.md,complete
XVIII-D,"Movement, Migration, Refuge, and Non-Statelessness Routing",standing/interpretation,core_06-06_rights_part_c.md,1318,,3.1; 4; 5; 5.1; 6.1; 6.3; 7; 10; 10.2,accountability,,,Avoidable Burden,Article XIX; Article XIX-D; Article XXIII-B; Article XXIII-C; core_09-09_standing_integration.md,weak_trace
XIX,"Interoperability, Portability, Movement, Refuge, and Exit Integrity",standing/interpretation,core_06-06_rights_part_c.md,1339,8.20; 8.24,3.1; 5; 5.1; 6.1; 6.3; 7; 10; 10.2; 11; 12; 13,participation; oversight; accountability; timeliness,flourishing; continuity,material stake; material impact,Avoidable Burden; Ecological Footprint; Dependency / Resource Flow; Timely Resolution,Article XIX; Article XIX-D; Article XVI; Article XVIII; Article XXIII-B; Article XXIV-C; Article XXVI; Chapter Five; Chapter One; core_00_preamble.md; core_05defs_accountability.md; core_05defs_continuity.md; core_05defs_oversight.md; core_05defs_participation.md; core_09-09_standing_integration.md; corpus_institutions.md,manual_review
XIX-A,Portability Rights,standing/interpretation,core_06-06_rights_part_c.md,1380,5; 10.1; 11.1; linked,3.1; 5; 5.1; 6.1; 6.3; 7; 9; 9.2; 11; 12; 13,participation; accountability,continuity,,Avoidable Burden; Productive Capacity; Timely Resolution,Chapter One; core_01_a_values_principles.md; core_01_c_stewardship_capacity_principles.md; core_05defs_accountability.md; core_05defs_continuity.md; core_05defs_participation.md,complete
XIX-B,Reciprocal Interoperability Boundaries,standing/interpretation,core_06-06_rights_part_c.md,1408,5; 10.1; 11.1; linked,3.2; 5; 5.1; 6.1; 6.2; 6.3; 8; 9; 9.2; 11; 12; 13,accountability,continuity,,Avoidable Burden; Productive Capacity; Dependency / Resource Flow,Chapter One; core_01_a_values_principles.md; core_01_c_stewardship_capacity_principles.md; core_05defs_accountability.md; core_05defs_continuity.md,complete
XIX-C,Anti-Lock-In Rule,standing/interpretation,core_06-06_rights_part_c.md,1432,5; 10; 11.1; linked,5; 5.1; 9; 9.2; 10; 10.2; 11; 12; 13,participation; accountability,continuity,,Productive Capacity; Dependency / Resource Flow,Chapter Five; Chapter One; core_01_c_stewardship_capacity_principles.md; core_05defs_accountability.md; core_05defs_continuity.md; core_05defs_participation.md,complete
XIX-D,"Movement, Migration, Refuge, and Non-Statelessness",standing/interpretation,core_06-06_rights_part_c.md,1461,4.1; 5; 5.1; 6.3.1; 8.1.1; 8.24; linked,2; 3.1; 3.2; 5; 5.1; 6.1; 6.2; 6.3; 7; 8; 10; 10.2; 11; 12; 13,participation; oversight; accountability,continuity,,Avoidable Burden; Productive Capacity; Substantive Fairness; Timely Resolution,Article V-A; Article V-B; Article XI; Article XVIII; Article XXIII-B; Article XXIII-C; Article XXIII-D; Article XXVI; Chapter Five; Chapter One; core_01_a_values_principles.md; core_05defs_continuity.md; core_05defs_oversight.md; core_05defs_participation.md; core_09-09_standing_integration.md; corpus_institutions.md,complete
XX,Comprehensibility and Complexity Stewardship,standing/interpretation,core_06-06_rights_part_c.md,1534,3.4; 6.1.2; 9.2; linked,2; 3.1; 3.2; 5; 5.1; 6.1; 6.2; 6.3; 7; 8; 9; 9.2; 11; 12; 13,participation; oversight; accountability; timeliness,flourishing; continuity,material stake; materiality,Constitutional Efficiency; Avoidable Burden; Productive Capacity; Ecological Footprint; Dependency / Resource Flow; Accessibility; Timely Resolution,Article XX; Article XX-A; Article XX-B; Chapter Five; Chapter One; core_00_preamble.md; core_01_a_values_principles.md; core_01_c_stewardship_capacity_principles.md; core_05defs_accountability.md; core_05defs_continuity.md; core_05defs_oversight.md; core_05defs_participation.md; corpus_systems.md,manual_review
XX-A,Proportional Comprehensibility Right,standing/interpretation,core_06-06_rights_part_c.md,1583,3.4; 4.2; 5; 6.1.2; 9.2; 11.1; linked,3.1; 3.2; 5; 5.1; 6.1; 6.2; 6.3; 7; 8; 9; 9.2; 11; 12; 13,participation; oversight; accountability,,material impact,Avoidable Burden; Productive Capacity; Accessibility,Chapter One; core_01_a_values_principles.md; core_01_c_stewardship_capacity_principles.md; core_05defs_accountability.md; core_05defs_oversight.md,complete
XX-B,Complexity Audit and Modularity Requirements,standing/interpretation,core_06-06_rights_part_c.md,1612,4.1; 11.1; 13; linked,3.1; 3.2; 5; 5.1; 6.1; 6.2; 6.3; 7; 8; 9; 9.2; 11; 12; 13,oversight,continuity,,Productive Capacity; Dependency / Resource Flow,Chapter One; core_01_a_values_principles.md; core_01_c_stewardship_capacity_principles.md; core_05defs_continuity.md; core_05defs_oversight.md; corpus_systems.md,complete
XXI,Root Cause Analysis and Adaptive Response,standing/interpretation,core_06-06_rights_part_c.md,1647,4.1; 4.2; 10.1; 11.1; linked,3.1; 3.2; 6.1; 6.2; 6.3; 7; 8; 9; 9.2; 10; 10.2; 11; 12; 13,participation; oversight; accountability; timeliness,flourishing; continuity,material stake; materiality,Avoidable Burden; Productive Capacity; Ecological Footprint; Dependency / Resource Flow; Timely Resolution,Article XII-B; Article XV; Article XV-A; Article XVI; Article XXI; Article XXI-B; Chapter Five; Chapter One; core_00_preamble.md; core_01_a_values_principles.md; core_01_c_stewardship_capacity_principles.md; core_05defs_accountability.md; core_05defs_continuity.md; core_05defs_oversight.md; corpus_systems.md,manual_review
XXI-A,Diagnostic Rigor and Causal Attribution,standing/interpretation,core_06-06_rights_part_c.md,1692,4.1; 4.2; 11.1; linked,3.1; 3.2; 6.1; 6.2; 6.3; 7; 8; 9; 9.2; 10; 10.2; 11; 12; 13,oversight; accountability,,,Productive Capacity,Article XII-B; Article XIV; Article XV; Article XV-A; Article XXI; Chapter One; core_01_a_values_principles.md; core_01_c_stewardship_capacity_principles.md; core_05defs_accountability.md; core_05defs_oversight.md,complete
XXI-B,"Auditability, Challenge, and Reversibility Preference",standing/interpretation,core_06-06_rights_part_c.md,1722,4.1; 10.1; 11.1; linked,3.1; 3.2; 6.1; 6.2; 6.3; 7; 8; 9; 9.2; 10; 10.2; 11; 12; 13,oversight,continuity,,Productive Capacity; Timely Resolution,Chapter One; core_01_a_values_principles.md; core_01_c_stewardship_capacity_principles.md; core_05defs_continuity.md; core_05defs_oversight.md,complete
XXII,"Constitutional Interpretation, Review, and Anti-Capture Safeguards",standing/interpretation,core_06-06_rights_part_c.md,1753,4.2; 6.3; 10; 13; linked,3.1; 3.2; 6.1; 6.2; 6.3; 7; 8; 9; 9.2; 10; 10.2; 11; 12; 13,participation; oversight; accountability; timeliness,flourishing; continuity,material stake,Avoidable Burden; Productive Capacity; Dependency / Resource Flow,Article XII-B; Article XXII; Article XXII-D; Article XXIII; Article XXV-A; Chapter Eleven; Chapter Five; Chapter One; core_00_preamble.md; core_01_a_values_principles.md; core_01_c_stewardship_capacity_principles.md; core_05defs_accountability.md; core_05defs_continuity.md; core_05defs_integrative.md; core_05defs_oversight.md; core_06-06_rights_part_d.md; core_11-11_forum.md; corpus_institutions.md,manual_review
XXII-A,Bounded Interpretive Mandate,standing/interpretation,core_06-06_rights_part_c.md,1797,6.3; 7; 13; linked,6.1; 6.3; 7; 8; 9; 9.2; 10; 10.2; 11; 12; 13,participation; oversight; accountability; timeliness,,,Avoidable Burden; Productive Capacity,Chapter One; core_00_preamble.md; core_01_a_values_principles.md; core_01_c_stewardship_capacity_principles.md; core_05defs_accountability.md; core_05defs_integrative.md,complete
XXII-B,"Composition, Rotation, and Conflict Controls",standing/interpretation,core_06-06_rights_part_c.md,1830,6.3; 10; 13; linked,3.2; 6.1; 6.2; 6.3; 8; 9; 9.2; 10; 10.2; 11; 12; 13,participation; accountability,continuity,,Avoidable Burden; Productive Capacity,Chapter Eight; Chapter Eleven; Chapter One; core_01_a_values_principles.md; core_01_c_stewardship_capacity_principles.md; core_05defs_accountability.md; core_05defs_continuity.md; core_05defs_participation.md; core_08-08_standing_assessment.md; core_10-10_misconduct.md; core_11-11_forum.md; corpus_institutions.md,complete
XXII-C,"Public Reasons, Challenge Rights, and External Review",standing/interpretation,core_06-06_rights_part_c.md,1864,4.2; 6.3; 13; linked,3.2; 6.1; 6.2; 6.3; 8; 9; 9.2; 10; 10.2; 11; 12; 13,oversight; accountability,,,Avoidable Burden; Productive Capacity; Accessibility,Chapter Eleven; Chapter One; core_01_a_values_principles.md; core_01_c_stewardship_capacity_principles.md; core_05defs_accountability.md; core_05defs_oversight.md; core_11-11_forum.md,complete
XXII-D,Removal for Cause and Non-Entrenchment,standing/interpretation,core_06-06_rights_part_c.md,1905,6.3; 10; 13; linked,3.1; 3.2; 6.1; 6.2; 6.3; 7; 8; 9; 9.2; 10; 10.2; 11; 12; 13,participation; accountability,continuity,,Productive Capacity,Article XXV-A; Chapter One; core_01_a_values_principles.md; core_01_c_stewardship_capacity_principles.md; core_05defs_accountability.md; core_05defs_continuity.md; core_05defs_participation.md; core_06-06_rights_part_b.md](core_06-06_rights_part_b.md; core_06-06_rights_part_d.md; core_06-06_rights_part_d.md](core_06-06_rights_part_d.md,complete
XXIII,"Conflict Resolution, Escalation, and Emergency Proportionality",justice/emergency/transition,core_06-06_rights_part_d.md,32,,2; 3.1; 3.2; 5; 5.1; 6.1; 6.2; 6.3; 7; 8; 10; 10.2,participation; oversight; accountability; timeliness,flourishing; continuity,materiality,Avoidable Burden; Timely Resolution,Article XII-B; Article XXIII; Article XXIV-C; Chapter Eleven; Chapter Five; core_00_preamble.md; core_05defs_accountability.md; core_05defs_integrative.md; core_05defs_oversight.md; core_05defs_participation.md; core_06-06_rights_part_c.md; core_11-11_forum.md,weak_trace
XXIII-A,Justice Objective and Scope,justice/emergency/transition,core_06-06_rights_part_d.md,63,4.1; 6.3; 13; linked,3.1; 3.2; 6.1; 6.2; 6.3; 7; 8; 9; 9.2; 11; 12; 13,accountability,,,Productive Capacity,Chapter Eight; Chapter One; core_01_a_values_principles.md; core_01_c_stewardship_capacity_principles.md; core_05defs_accountability.md,complete
XXIII-B,"Non-Trivial Restriction, Restitution, and Restorative-Accountability Constraints",justice/emergency/transition,core_06-06_rights_part_d.md,91,4.1; 6.3; 10.1; linked,3.1; 3.2; 5; 5.1; 6.1; 6.2; 6.3; 7; 8; 10; 10.2; 11; 12; 13,accountability,continuity,,Avoidable Burden,Article VII-E; Article XXIII-C; Chapter One; core_01_a_values_principles.md; core_05defs_accountability.md; core_05defs_continuity.md; core_10-10_misconduct.md,complete
XXIII-C,Least-Restrictive and Time-Bounded Rule,justice/emergency/transition,core_06-06_rights_part_d.md,135,6.3; 10.1; linked,2; 3.1; 3.2; 6.1; 6.2; 6.3; 7; 8,accountability,continuity,,Avoidable Burden; Substantive Fairness; Timely Resolution,Article V; Article XXIII-B; Chapter One; core_01_a_values_principles.md; core_05defs_accountability.md; core_05defs_continuity.md,complete
XXIII-D,Emergency Measures and Continuation Burden,justice/emergency/transition,core_06-06_rights_part_d.md,175,4.1; 6.3; 10.1; linked,3.1; 3.2; 6.1; 6.2; 6.3; 7; 8; 10; 10.2; 11; 12; 13,accountability,continuity,,Avoidable Burden; Productive Capacity; Ecological Footprint; Timely Resolution,Article I-D; Chapter One; core_01_a_values_principles.md; core_05defs_accountability.md; core_05defs_continuity.md,complete
XXIV,Timely Retrospective Review and Restorative Alignment,justice/emergency/transition,core_06-06_rights_part_d.md,225,,3.1; 3.2; 6.1; 6.2; 6.3; 7; 8,participation; oversight; accountability; timeliness,,materiality,Avoidable Burden; Timely Resolution,Article XXIII; Article XXIV; Article XXIV-A; Article XXIV-B; Article XXIV-C; Chapter Five; core_00_preamble.md; core_05defs_accountability.md; core_05defs_oversight.md,missing_ch0_measurement_frame; weak_trace
XXIV-A,Retrospective Review and Disclosure,justice/emergency/transition,core_06-06_rights_part_d.md,249,4.2; 9.2; 13; linked,3.1; 3.2; 6.1; 6.2; 6.3; 7; 8; 9; 9.2; 11; 12; 13,oversight; accountability,,,Avoidable Burden; Productive Capacity,Chapter One; core_01_a_values_principles.md; core_01_c_stewardship_capacity_principles.md; core_05defs_accountability.md; core_05defs_oversight.md,complete
XXIV-B,Rights-Collision Procedure and Restorative Alignment,justice/emergency/transition,core_06-06_rights_part_d.md,284,6.3; 6.3.1; 13; linked,3.1; 3.2; 6.1; 6.2; 6.3; 7; 8; 9; 9.2; 11; 12; 13,accountability,,,Avoidable Burden; Productive Capacity; Timely Resolution,Article X-A; Chapter Five; Chapter One; core_01_a_values_principles.md; core_01_c_stewardship_capacity_principles.md; core_05defs_accountability.md; core_10-10_misconduct.md,complete
XXIV-C,Timely Resolution and Anti-Delay Floor,justice/emergency/transition,core_06-06_rights_part_d.md,320,6.1.2; 6.3; 13.2; linked,3.1; 6.1; 6.3; 7; 9; 9.2; 10; 10.2; 11; 12; 13,oversight; accountability,continuity,material stake; materiality,Constitutional Efficiency; Avoidable Burden; Productive Capacity; Accessibility; Timely Resolution,Article XXIII-A; Article XXIII-B; Article XXIII-C; Chapter Eight; Chapter Eleven; Chapter One; core_00_preamble.md; core_01_a_values_principles.md; core_01_c_stewardship_capacity_principles.md; core_05defs_accountability.md; core_05defs_continuity.md; core_05defs_oversight.md; core_08-08_standing_assessment.md; core_08-11_application_vignettes.md; core_11-11_forum.md,complete
XXV,Constitutional Evolution and Non-Entrenchment,justice/emergency/transition,core_06-06_rights_part_d.md,352,10.1; linked,3.1; 3.2; 6.1; 6.2; 6.3; 7; 8; 9; 9.2; 10; 10.2; 11; 12; 13,participation; oversight; accountability; timeliness,flourishing; continuity,material stake,Avoidable Burden; Productive Capacity,Article XXV; Article XXV-A; Article XXV-B; Chapter One; core_00_preamble.md; core_01_c_stewardship_capacity_principles.md; core_05defs_accountability.md,manual_review
XXV-A,Non-Entrenchment and Revisability,justice/emergency/transition,core_06-06_rights_part_d.md,374,3; 11.1; linked,2; 3.1; 3.2; 6.2; 7; 8; 9; 9.2; 10; 10.2; 11; 12; 13,participation; oversight; accountability,,,Productive Capacity,Chapter One; core_01_a_values_principles.md; core_01_c_stewardship_capacity_principles.md; core_05defs_accountability.md; core_05defs_oversight.md; core_05defs_participation.md,complete
XXV-B,Periodic Revalidation and Transparent Change,justice/emergency/transition,core_06-06_rights_part_d.md,403,4.2; 11.1; linked,3.1; 3.2; 6.1; 6.2; 6.3; 7; 8; 9; 9.2; 11; 12; 13,oversight; accountability,,,Productive Capacity; Substantive Fairness; Educational Agency,Chapter One; core_01_a_values_principles.md; core_01_c_stewardship_capacity_principles.md; core_05defs_accountability.md; core_05defs_oversight.md,complete
XXVI,"Transition Governance, Continuity, and Re-Baselining",justice/emergency/transition,core_06-06_rights_part_d.md,434,linked,2; 3.1; 3.2; 4; 5; 5.1; 6.1; 6.2; 6.3; 7; 8; 10; 10.2,participation; oversight; accountability; timeliness,flourishing; continuity,material stake,Avoidable Burden; Trustworthiness; Timely Resolution,Article XXVI; core_00_preamble.md; core_01_a_values_principles.md; core_05defs_accountability.md,manual_review
XXVI-A,Phased Adoption and Rights-Floor Continuity,justice/emergency/transition,core_06-06_rights_part_d.md,458,4.1; 10.1; 11.1; linked,2; 3.1; 3.2; 5; 5.1; 6.1; 6.2; 6.3; 7; 8; 9; 9.2; 10; 10.2; 11; 12; 13,accountability,continuity,,Avoidable Burden; Productive Capacity; Substantive Fairness; Accessibility; Timely Resolution,Article V; Chapter One; core_01_a_values_principles.md; core_01_c_stewardship_capacity_principles.md; core_05defs_accountability.md; core_05defs_continuity.md; corpus_institutions.md,complete
XXVI-B,Transitional Authority Limits and Reauthorization,justice/emergency/transition,core_06-06_rights_part_d.md,487,4.1; 10.1; linked,3.1; 6.1; 6.3; 7; 8; 10; 10.2,oversight; accountability,,,Avoidable Burden; Timely Resolution,Chapter One; core_01_a_values_principles.md; core_05defs_accountability.md; corpus_institutions.md,complete
XXVI-C,"Failure Off-Ramps, Re-Baselining, and Traceability",justice/emergency/transition,core_06-06_rights_part_d.md,521,4.1; 10.1; 13; linked,3.1; 3.2; 4; 6.1; 6.2; 6.3; 7; 8; 9; 9.2; 10; 10.2; 11; 12; 13,oversight; accountability,continuity,materiality,Avoidable Burden; Productive Capacity; Trustworthiness; Timely Resolution,Chapter One; Chapter Seven; core_01_a_values_principles.md; core_01_c_stewardship_capacity_principles.md; core_05defs_accountability.md; core_05defs_continuity.md; core_05defs_oversight.md; core_07_a_system_alignment_certification_evaluation.md#chapter-seven-part-a-certification-evaluation; core_08-08_standing_assessment.md; corpus_institutions.md,complete
XXVI-D,Non-Compliant Property and Systems; Voluntary Turnover Incentives,justice/emergency/transition,core_06-06_rights_part_d.md,556,4.1; 6.3; 11.1; linked,2; 3.1; 3.2; 4; 5; 5.1; 6.1; 6.2; 6.3; 7; 8; 9; 9.2; 10; 10.2; 11; 12; 13,participation; accountability,continuity,,Avoidable Burden; Productive Capacity; Substantive Fairness; Trustworthiness,Article III-A; Article X-B; Article XII; Article XII-B; Article XII-E; Article XXIII-B; Article XXIII-C; Article XXVI-A; Article XXVI-B; Chapter Eight; Chapter One; core_01_a_values_principles.md; core_01_c_stewardship_capacity_principles.md; core_05defs_accountability.md; core_05defs_participation.md; core_06-06_rights_part_c.md](core_06-06_rights_part_c.md; core_08-08_standing_assessment.md; core_12-12_governance.md](core_12-12_governance.md; corpus_institutions.md,complete
